[
{
  "id" : 19,
  "name" : "esbk/OfferCode",
  "lastBranch" : "develop",
  "mainBuildFile" : [ {
    "fileName" : "pom.xml",
    "devInfo" : "org.springframework.boot:spring-boot-starter-parent:2.5.5",
    "language" : "java",
    "languageVersion" : "11"
  } ]
},
{
  "id" : 18,
  "name" : "esbk/jwt-viewer",
  "lastBranch" : "develop",
  "mainBuildFile" : [ {
    "fileName" : "jwt-viewer-project/pom.xml",
    "devInfo" : "org.springframework.boot:spring-boot-starter-parent:3.5.6",
    "language" : "java",
    "languageVersion" : "N/A"
  } ]
},
{
  "id" : 15,
  "name" : "root/jwt-viewer",
  "lastBranch" : "main",
  "mainBuildFile" : [ {
    "fileName" : "jwt-viewer-project/pom.xml",
    "devInfo" : "org.springframework.boot:spring-boot-starter-parent:3.2.0",
    "language" : "java",
    "languageVersion" : "N/A"
  } ]
},
{
  "id" : 13,
  "name" : "root/gitlab-api-simulator",
  "lastBranch" : "main",
  "mainBuildFile" : [ {
    "fileName" : "pom.xml",
    "devInfo" : "org.springframework.boot:spring-boot-starter-parent:3.2.7",
    "language" : "java",
    "languageVersion" : "N/A"
  } ]
},
{
  "id" : 12,
  "name" : "root/SignBioFront",
  "lastBranch" : "main",
  "mainBuildFile" : null
},
{
  "id" : 10,
  "name" : "root/springboot-restful-webservices",
  "lastBranch" : "main",
  "mainBuildFile" : [ {
    "fileName" : "pom.xml",
    "devInfo" : "org.springframework.boot:spring-boot-starter-parent:3.0.1",
    "language" : "java",
    "languageVersion" : "17"
  } ]
},
{
  "id" : 9,
  "name" : "root/obsolescence",
  "lastBranch" : "main",
  "mainBuildFile" : [ {
    "fileName" : "pom.xml",
    "devInfo" : "org.springframework.boot:spring-boot-starter-parent:3.5.6",
    "language" : "java",
    "languageVersion" : "17"
  } ]
},
{
  "id" : 8,
  "name" : "root/OfferCode",
  "lastBranch" : "codex/migrate-to-spring-boot-3.5.5-with-postgres",
  "mainBuildFile" : [ {
    "fileName" : "pom.xml",
    "devInfo" : "org.springframework.boot:spring-boot-starter-parent:3.5.5",
    "language" : "java",
    "languageVersion" : "17"
  } ]
},
{
  "id" : 6,
  "name" : "root/spring-security-multi-auth",
  "lastBranch" : "main",
  "mainBuildFile" : [ {
    "fileName" : "pom.xml",
    "devInfo" : "org.springframework.boot:spring-boot-starter-parent:3.3.7",
    "language" : "java",
    "languageVersion" : "17"
  } ]
},
{
  "id" : 5,
  "name" : "all/springboot-restful-webservices",
  "lastBranch" : "main",
  "mainBuildFile" : [ {
    "fileName" : "pom.xml",
    "devInfo" : "org.springframework.boot:spring-boot-starter-parent:3.0.1",
    "language" : "java",
    "languageVersion" : "17"
  } ]
},
{
  "id" : 4,
  "name" : "all/maven-ear-example",
  "lastBranch" : "master",
  "mainBuildFile" : [ {
    "fileName" : "pom.xml",
    "devInfo" : "N/A:N/A:N/A",
    "language" : "java",
    "languageVersion" : "N/A"
  } ]
},
{
  "id" : 3,
  "name" : "all/maven-jee",
  "lastBranch" : "master",
  "mainBuildFile" : [ {
    "fileName" : "pom.xml",
    "devInfo" : "net.trajano.maven-jee6:maven-jee6-parent:1.0.0-SNAPSHOT",
    "language" : "java",
    "languageVersion" : "N/A"
  } ]
}
]