[
{
  "id": 18,
  "name": "esbk/jwt-viewer",
  "last_branch": "main",
  "pom_main": "jwt-viewer-project/pom.xml",
  "parent": {
    "groupId": "org.springframework.boot",
    "artifactId": "spring-boot-maven-plugin",
    "version": "4.4.0"
  },
  "java_version": "N/A"
}
,
{
  "id": 15,
  "name": "esbk/testapi",
  "last_branch": "main",
  "pom_main": "jwt-viewer-project/pom.xml",
  "parent": {
    "groupId": "org.springframework.boot",
    "artifactId": "spring-boot-maven-plugin",
    "version": "4.4.0"
  },
  "java_version": "N/A"
}
]
